id,path,ref_text,hyp_text,score,norm_ref,norm_hyp,model_used,verification_status,model_results
0,32b9505113a0be6.mp3,"Мая гаспадыня, фраў Залеўскі, дазволіла мне варыць каву ў пакоі.","Мая гаспадыня, фрау Залеўскай, дазволіла мне варыць каву ў покой.",92.6829268292683,мая гаспадыня фраў залеўскі дазволіла мне варыць каву ў пакоі,мая гаспадыня фрау залеўскай дазволіла мне варыць каву ў покой,SeamlessM4T-v2 (HF),incorrect,"{""SeamlessM4T-v2 (HF)"": {""hyp_text"": ""Мая гаспадыня, фрау Залеўскай, дазволіла мне варыць каву ў покой."", ""score"": 92.6829268292683, ""norm_ref"": ""мая гаспадыня фраў залеўскі дазволіла мне варыць каву ў пакоі"", ""norm_hyp"": ""мая гаспадыня фрау залеўскай дазволіла мне варыць каву ў покой""}}"
1,3a831a4f9604ae1.mp3,"Тое, што яна падавала, было занадта слабое, асабліва з пахмелу.","Тое, што і яна падавала, было занадта слабае, асабліва з пахмелу.",96.66666666666667,тое што яна падавала было занадта слабое асабліва з пахмелу,тое што і яна падавала было занадта слабае асабліва з пахмелу,SeamlessM4T-v2 (HF),incorrect,"{""SeamlessM4T-v2 (HF)"": {""hyp_text"": ""Тое, што і яна падавала, было занадта слабае, асабліва з пахмелу."", ""score"": 96.66666666666667, ""norm_ref"": ""тое што яна падавала было занадта слабое асабліва з пахмелу"", ""norm_hyp"": ""тое што і яна падавала было занадта слабае асабліва з пахмелу""}}"
2,352c668ae4d959a.mp3,На дварэ было свежа і ясна. Я паставіў прымус на лаўку і пачаў шукаць каву.,На дварэ было свежа і ясна. Абаставіў прымусна лаўку і пачаў шукаць каву.,95.83333333333334,на дварэ было свежа і ясна я паставіў прымус на лаўку і пачаў шукаць каву,на дварэ было свежа і ясна абаставіў прымусна лаўку і пачаў шукаць каву,SeamlessM4T-v2 (HF),incorrect,"{""SeamlessM4T-v2 (HF)"": {""hyp_text"": ""На дварэ было свежа і ясна. Абаставіў прымусна лаўку і пачаў шукаць каву."", ""score"": 95.83333333333334, ""norm_ref"": ""на дварэ было свежа і ясна я паставіў прымус на лаўку і пачаў шукаць каву"", ""norm_hyp"": ""на дварэ было свежа і ясна абаставіў прымусна лаўку і пачаў шукаць каву""}}"
3,f89a8f1cc3c28b1.mp3,"Назаўтра была нядзеля. Я позна спаў і прачнуўся, калі промні сонца ўпалі мне на пасцель.","Назаўтра была нядзеля. Я позна спаў і прачнуўся, калі прамяні сонца ўпалі мне на ложак.",92.3076923076923,назаўтра была нядзеля я позна спаў і прачнуўся калі промні сонца ўпалі мне на пасцель,назаўтра была нядзеля я позна спаў і прачнуўся калі прамяні сонца ўпалі мне на ложак,SeamlessM4T-v2 (HF),incorrect,"{""SeamlessM4T-v2 (HF)"": {""hyp_text"": ""Назаўтра была нядзеля. Я позна спаў і прачнуўся, калі прамяні сонца ўпалі мне на ложак."", ""score"": 92.3076923076923, ""norm_ref"": ""назаўтра была нядзеля я позна спаў і прачнуўся калі промні сонца ўпалі мне на пасцель"", ""norm_hyp"": ""назаўтра была нядзеля я позна спаў і прачнуўся калі прамяні сонца ўпалі мне на ложак""}}"
4,ab1d11e1193cf01.mp3,Я ўжо два гады жыў у пансіянаце Залеўскі. Месца мне падабалася.,Я ўжо два гады жыў у пансіёнаце зарэўскім месца мне падабалася,94.3089430894309,я ўжо два гады жыў у пансіянаце залеўскі месца мне падабалася,я ўжо два гады жыў у пансіёнаце зарэўскім месца мне падабалася,SeamlessM4T-v2 (HF),incorrect,"{""SeamlessM4T-v2 (HF)"": {""hyp_text"": ""Я ўжо два гады жыў у пансіёнаце зарэўскім месца мне падабалася"", ""score"": 94.3089430894309, ""norm_ref"": ""я ўжо два гады жыў у пансіянаце залеўскі месца мне падабалася"", ""norm_hyp"": ""я ўжо два гады жыў у пансіёнаце зарэўскім месца мне падабалася""}}"
5,c78eabd442a2eba.mp3,"І спакойнымі вечарамі можна было падумаць, што жывеш у вёсцы.","І спакойнымі вечарамі можна было падумаць, што жывеш у вёсцы.",100.0,і спакойнымі вечарамі можна было падумаць што жывеш у вёсцы,і спакойнымі вечарамі можна было падумаць што жывеш у вёсцы,SeamlessM4T-v2 (HF),correct,"{""SeamlessM4T-v2 (HF)"": {""hyp_text"": ""І спакойнымі вечарамі можна было падумаць, што жывеш у вёсцы."", ""score"": 100.0, ""norm_ref"": ""і спакойнымі вечарамі можна было падумаць што жывеш у вёсцы"", ""norm_hyp"": ""і спакойнымі вечарамі можна было падумаць што жывеш у вёсцы""}}"
6,8eebcc3fa7d0190.mp3,"Было куды пайсці: побач дом прафсаюзаў, кафэ інтэрнацыяналь і рэстаран,","Было куды пайсці. Побач дом прафсаюзаў, кафэ Інтэрнацыянал і рэстаран.",99.25925925925925,было куды пайсці побач дом прафсаюзаў кафэ інтэрнацыяналь і рэстаран,было куды пайсці побач дом прафсаюзаў кафэ інтэрнацыянал і рэстаран,SeamlessM4T-v2 (HF),correct,"{""SeamlessM4T-v2 (HF)"": {""hyp_text"": ""Было куды пайсці. Побач дом прафсаюзаў, кафэ Інтэрнацыянал і рэстаран."", ""score"": 99.25925925925925, ""norm_ref"": ""было куды пайсці побач дом прафсаюзаў кафэ інтэрнацыяналь і рэстаран"", ""norm_hyp"": ""было куды пайсці побач дом прафсаюзаў кафэ інтэрнацыянал і рэстаран""}}"
7,f660c2899bc20c6.mp3,"Перад домам, акрамя таго, былі старыя могілкі. На іх раслі дрэвы, як у парку.","Перад домам, акрамя таго, былі старыя могілкі. На іх раслі дрэвы, як у парку.",100.0,перад домам акрамя таго былі старыя могілкі на іх раслі дрэвы як у парку,перад домам акрамя таго былі старыя могілкі на іх раслі дрэвы як у парку,SeamlessM4T-v2 (HF),correct,"{""SeamlessM4T-v2 (HF)"": {""hyp_text"": ""Перад домам, акрамя таго, былі старыя могілкі. На іх раслі дрэвы, як у парку."", ""score"": 100.0, ""norm_ref"": ""перад домам акрамя таго былі старыя могілкі на іх раслі дрэвы як у парку"", ""norm_hyp"": ""перад домам акрамя таго былі старыя могілкі на іх раслі дрэвы як у парку""}}"
8,e85807ece509990.mp3,"Але спакойна ставаў вельмі позна,",Але спакойна ставаў вельмі позна.,100.0,але спакойна ставаў вельмі позна,але спакойна ставаў вельмі позна,SeamlessM4T-v2 (HF),correct,"{""SeamlessM4T-v2 (HF)"": {""hyp_text"": ""Але спакойна ставаў вельмі позна."", ""score"": 100.0, ""norm_ref"": ""але спакойна ставаў вельмі позна"", ""norm_hyp"": ""але спакойна ставаў вельмі позна""}}"
9,8fe96912731dede.mp3,У скарбонку фраў Залеўскі могілкі прыносілі надзейны прыбытак.,У скарбонку Фраўзалеўскі могілкі прыносілі надзейны прыбытак.,99.17355371900827,у скарбонку фраў залеўскі могілкі прыносілі надзейны прыбытак,у скарбонку фраўзалеўскі могілкі прыносілі надзейны прыбытак,SeamlessM4T-v2 (HF),correct,"{""SeamlessM4T-v2 (HF)"": {""hyp_text"": ""У скарбонку Фраўзалеўскі могілкі прыносілі надзейны прыбытак."", ""score"": 99.17355371900827, ""norm_ref"": ""у скарбонку фраў залеўскі могілкі прыносілі надзейны прыбытак"", ""norm_hyp"": ""у скарбонку фраўзалеўскі могілкі прыносілі надзейны прыбытак""}}"
10,d2e948c2c5e2948.mp3,"Пры рэкламацыях яна настойвала: але, панове, падумайце толькі,","Пры рэкламацыях яна настойвала:  Але па-новаму падумайце толькі,",96.61016949152543,пры рэкламацыях яна настойвала але панове падумайце толькі,пры рэкламацыях яна настойвала але пановаму падумайце толькі,SeamlessM4T-v2 (HF),incorrect,"{""SeamlessM4T-v2 (HF)"": {""hyp_text"": ""Пры рэкламацыях яна настойвала:  Але па-новаму падумайце толькі,"", ""score"": 96.61016949152543, ""norm_ref"": ""пры рэкламацыях яна настойвала але панове падумайце толькі"", ""norm_hyp"": ""пры рэкламацыях яна настойвала але пановаму падумайце толькі""}}"
11,0147516588f1007.mp3,"Яна хваліла свежае паветра і шырокія далягляды, і за гэта брала больш высокую плату.",Яна хваліла свежае паветра і шырокія далягляды і за гэта брала больш высокую плату.,100.0,яна хваліла свежае паветра і шырокія далягляды і за гэта брала больш высокую плату,яна хваліла свежае паветра і шырокія далягляды і за гэта брала больш высокую плату,SeamlessM4T-v2 (HF),correct,"{""SeamlessM4T-v2 (HF)"": {""hyp_text"": ""Яна хваліла свежае паветра і шырокія далягляды і за гэта брала больш высокую плату."", ""score"": 100.0, ""norm_ref"": ""яна хваліла свежае паветра і шырокія далягляды і за гэта брала больш высокую плату"", ""norm_hyp"": ""яна хваліла свежае паветра і шырокія далягляды і за гэта брала больш высокую плату""}}"
12,e79b288084439de.mp3,Я апранаўся вельмі павольна. Гэта надавала мне адчуванне нядзелі.,Я апранаўся вельмі павольна. Гэта надавала мне адчуванне нядзелі.,100.0,я апранаўся вельмі павольна гэта надавала мне адчуванне нядзелі,я апранаўся вельмі павольна гэта надавала мне адчуванне нядзелі,SeamlessM4T-v2 (HF),correct,"{""SeamlessM4T-v2 (HF)"": {""hyp_text"": ""Я апранаўся вельмі павольна. Гэта надавала мне адчуванне нядзелі."", ""score"": 100.0, ""norm_ref"": ""я апранаўся вельмі павольна гэта надавала мне адчуванне нядзелі"", ""norm_hyp"": ""я апранаўся вельмі павольна гэта надавала мне адчуванне нядзелі""}}"
13,9402342051b577e.mp3,"Я ўмыўся, пахадзіў па пакоі, пачытаў газету, згатаваў каву,","І ўмыўся, пахадзіў па пакоі, пачытаў газету, згатаваў каву.",98.18181818181819,я ўмыўся пахадзіў па пакоі пачытаў газету згатаваў каву,і ўмыўся пахадзіў па пакоі пачытаў газету згатаваў каву,SeamlessM4T-v2 (HF),incorrect,"{""SeamlessM4T-v2 (HF)"": {""hyp_text"": ""І ўмыўся, пахадзіў па пакоі, пачытаў газету, згатаваў каву."", ""score"": 98.18181818181819, ""norm_ref"": ""я ўмыўся пахадзіў па пакоі пачытаў газету згатаваў каву"", ""norm_hyp"": ""і ўмыўся пахадзіў па пакоі пачытаў газету згатаваў каву""}}"
14,c33bdaf8a92f245.mp3,Паслухаў спеў птушак у высокіх дрэвах на могілках.,Паслухаўшы спеў птушак у высокіх дрэвах на могілках...,98.0,паслухаў спеў птушак у высокіх дрэвах на могілках,паслухаўшы спеў птушак у высокіх дрэвах на могілках,SeamlessM4T-v2 (HF),incorrect,"{""SeamlessM4T-v2 (HF)"": {""hyp_text"": ""Паслухаўшы спеў птушак у высокіх дрэвах на могілках..."", ""score"": 98.0, ""norm_ref"": ""паслухаў спеў птушак у высокіх дрэвах на могілках"", ""norm_hyp"": ""паслухаўшы спеў птушак у высокіх дрэвах на могілках""}}"
15,47684608462fba3.mp3,"Яны спявалі, як маленькія срэбныя флейты святога Бога,","Яны спявалі, як маленькія срэбныя флейты святога бога.",100.0,яны спявалі як маленькія срэбныя флейты святога бога,яны спявалі як маленькія срэбныя флейты святога бога,SeamlessM4T-v2 (HF),correct,"{""SeamlessM4T-v2 (HF)"": {""hyp_text"": ""Яны спявалі, як маленькія срэбныя флейты святога бога."", ""score"": 100.0, ""norm_ref"": ""яны спявалі як маленькія срэбныя флейты святога бога"", ""norm_hyp"": ""яны спявалі як маленькія срэбныя флейты святога бога""}}"
16,affe2f26986bd76.mp3,Я выбіраў сарочку і шкарпэткі.,Я выбіраў сарочку і шкарпэткі.,100.0,я выбіраў сарочку і шкарпэткі,я выбіраў сарочку і шкарпэткі,SeamlessM4T-v2 (HF),correct,"{""SeamlessM4T-v2 (HF)"": {""hyp_text"": ""Я выбіраў сарочку і шкарпэткі."", ""score"": 100.0, ""norm_ref"": ""я выбіраў сарочку і шкарпэткі"", ""norm_hyp"": ""я выбіраў сарочку і шкарпэткі""}}"
17,1c0537f131c2eef.mp3,"Хоць выбіраць асабліва не было з чаго, з некалькіх сарочак і пар шкарпэтак я выбіраў так, быццам іх было ў дваццаць разоў больш.","Хоць выбіраць асабліва не было з чаго: з некалькіх сарочак і пар шкарпэтак я выбіраў так, быццам іх было ў дваццаць разоў больш.",100.0,хоць выбіраць асабліва не было з чаго з некалькіх сарочак і пар шкарпэтак я выбіраў так быццам іх было ў дваццаць разоў больш,хоць выбіраць асабліва не было з чаго з некалькіх сарочак і пар шкарпэтак я выбіраў так быццам іх было ў дваццаць разоў больш,SeamlessM4T-v2 (HF),correct,"{""SeamlessM4T-v2 (HF)"": {""hyp_text"": ""Хоць выбіраць асабліва не было з чаго: з некалькіх сарочак і пар шкарпэтак я выбіраў так, быццам іх было ў дваццаць разоў больш."", ""score"": 100.0, ""norm_ref"": ""хоць выбіраць асабліва не было з чаго з некалькіх сарочак і пар шкарпэтак я выбіраў так быццам іх было ў дваццаць разоў больш"", ""norm_hyp"": ""хоць выбіраць асабліва не было з чаго з некалькіх сарочак і пар шкарпэтак я выбіраў так быццам іх было ў дваццаць разоў больш""}}"
18,2daa4bea6f018cf.mp3,"Насвістваючы, я павыкідваў усё з кішэняў: дробязь, нож, ключы,","Насвістваючы, я павыкідваў усё з кішэні. Дробязь, нож, ключы,",97.34513274336283,насвістваючы я павыкідваў усё з кішэняў дробязь нож ключы,насвістваючы я павыкідваў усё з кішэні дробязь нож ключы,SeamlessM4T-v2 (HF),incorrect,"{""SeamlessM4T-v2 (HF)"": {""hyp_text"": ""Насвістваючы, я павыкідваў усё з кішэні. Дробязь, нож, ключы,"", ""score"": 97.34513274336283, ""norm_ref"": ""насвістваючы я павыкідваў усё з кішэняў дробязь нож ключы"", ""norm_hyp"": ""насвістваючы я павыкідваў усё з кішэні дробязь нож ключы""}}"
19,174ad4e97820e62.mp3,учорашняя паперка з імем дзяўчыны і нумарам тэлефона.,"Учорашняя паперка з імем дзяўчыны і нумарам тэлефона,",100.0,учорашняя паперка з імем дзяўчыны і нумарам тэлефона,учорашняя паперка з імем дзяўчыны і нумарам тэлефона,SeamlessM4T-v2 (HF),correct,"{""SeamlessM4T-v2 (HF)"": {""hyp_text"": ""Учорашняя паперка з імем дзяўчыны і нумарам тэлефона,"", ""score"": 100.0, ""norm_ref"": ""учорашняя паперка з імем дзяўчыны і нумарам тэлефона"", ""norm_hyp"": ""учорашняя паперка з імем дзяўчыны і нумарам тэлефона""}}"
20,a4831391247c265.mp3,Патрыцыя Хольман. Дзіўнае імя. Патрыцыя.,"Патрыцыя Холман?  Гм, дзе імя, Патрыцыя?",88.88888888888889,патрыцыя хольман дзіўнае імя патрыцыя,патрыцыя холман гм дзе імя патрыцыя,SeamlessM4T-v2 (HF),incorrect,"{""SeamlessM4T-v2 (HF)"": {""hyp_text"": ""Патрыцыя Холман?  Гм, дзе імя, Патрыцыя?"", ""score"": 88.88888888888889, ""norm_ref"": ""патрыцыя хольман дзіўнае імя патрыцыя"", ""norm_hyp"": ""патрыцыя холман гм дзе імя патрыцыя""}}"
21,c65fe032f9c41ee.mp3,Я паклаў паперку на стол. Няўжо гэта сапраўды было ўчора?,Я паклаў паперку на стол.  Няўжо гэта сапраўды было ў чорта?,98.21428571428571,я паклаў паперку на стол няўжо гэта сапраўды было ўчора,я паклаў паперку на стол няўжо гэта сапраўды было ў чорта,SeamlessM4T-v2 (HF),incorrect,"{""SeamlessM4T-v2 (HF)"": {""hyp_text"": ""Я паклаў паперку на стол.  Няўжо гэта сапраўды было ў чорта?"", ""score"": 98.21428571428571, ""norm_ref"": ""я паклаў паперку на стол няўжо гэта сапраўды было ўчора"", ""norm_hyp"": ""я паклаў паперку на стол няўжо гэта сапраўды было ў чорта""}}"
22,1041f982d5f9c03.mp3,"Як далёка ўсё адышло, амаль забылася ў шэрым тумане алкаголю.","Як далёка ўсё адышло, амаль забылася ў шэрым тумане алкаголю.",100.0,як далёка ўсё адышло амаль забылася ў шэрым тумане алкаголю,як далёка ўсё адышло амаль забылася ў шэрым тумане алкаголю,SeamlessM4T-v2 (HF),correct,"{""SeamlessM4T-v2 (HF)"": {""hyp_text"": ""Як далёка ўсё адышло, амаль забылася ў шэрым тумане алкаголю."", ""score"": 100.0, ""norm_ref"": ""як далёка ўсё адышло амаль забылася ў шэрым тумане алкаголю"", ""norm_hyp"": ""як далёка ўсё адышло амаль забылася ў шэрым тумане алкаголю""}}"
23,8e508c918c7d0ee.mp3,За выпіўкай жыццё было цудоўнае.,За выпіўкай. Жыццё было цудоўнае.,100.0,за выпіўкай жыццё было цудоўнае,за выпіўкай жыццё было цудоўнае,SeamlessM4T-v2 (HF),correct,"{""SeamlessM4T-v2 (HF)"": {""hyp_text"": ""За выпіўкай. Жыццё было цудоўнае."", ""score"": 100.0, ""norm_ref"": ""за выпіўкай жыццё было цудоўнае"", ""norm_hyp"": ""за выпіўкай жыццё было цудоўнае""}}"
24,1bcf801e05106cb.mp3,"Ой, ты хутка рабіўся цэльным.","Ой, ты хутка рабіўся цэльным!",100.0,ой ты хутка рабіўся цэльным,ой ты хутка рабіўся цэльным,SeamlessM4T-v2 (HF),correct,"{""SeamlessM4T-v2 (HF)"": {""hyp_text"": ""Ой, ты хутка рабіўся цэльным!"", ""score"": 100.0, ""norm_ref"": ""ой ты хутка рабіўся цэльным"", ""norm_hyp"": ""ой ты хутка рабіўся цэльным""}}"
25,5cddfdb1885616c.mp3,"А магчыма, і не. Днём усё выглядала інакш, чым вечарам.","А магчыма і не. Днём усё выглядала інакш, чым вечарам.",100.0,а магчыма і не днём усё выглядала інакш чым вечарам,а магчыма і не днём усё выглядала інакш чым вечарам,SeamlessM4T-v2 (HF),correct,"{""SeamlessM4T-v2 (HF)"": {""hyp_text"": ""А магчыма і не. Днём усё выглядала інакш, чым вечарам."", ""score"": 100.0, ""norm_ref"": ""а магчыма і не днём усё выглядала інакш чым вечарам"", ""norm_hyp"": ""а магчыма і не днём усё выглядала інакш чым вечарам""}}"
26,e35509709cdb372.mp3,"Але паміж вечарам і раніцай зноў утвараліся прагалы, як быццам міналі гады.","Але паміж вечарам і раніцай зноў утвараліся прагалы, як быццам міналі гады.",100.0,але паміж вечарам і раніцай зноў утвараліся прагалы як быццам міналі гады,але паміж вечарам і раніцай зноў утвараліся прагалы як быццам міналі гады,SeamlessM4T-v2 (HF),correct,"{""SeamlessM4T-v2 (HF)"": {""hyp_text"": ""Але паміж вечарам і раніцай зноў утвараліся прагалы, як быццам міналі гады."", ""score"": 100.0, ""norm_ref"": ""але паміж вечарам і раніцай зноў утвараліся прагалы як быццам міналі гады"", ""norm_hyp"": ""але паміж вечарам і раніцай зноў утвараліся прагалы як быццам міналі гады""}}"
27,0cb8cca8aecf462.mp3,Я сунуў запіску пад стос кніжак. Пазваніць? Магчыма.,Я сунуў запіску пад стос кніжак.  Пазваніць?  Гм... Гм... Магчыма.,94.23076923076923,я сунуў запіску пад стос кніжак пазваніць магчыма,я сунуў запіску пад стос кніжак пазваніць гм гм магчыма,SeamlessM4T-v2 (HF),incorrect,"{""SeamlessM4T-v2 (HF)"": {""hyp_text"": ""Я сунуў запіску пад стос кніжак.  Пазваніць?  Гм... Гм... Магчыма."", ""score"": 94.23076923076923, ""norm_ref"": ""я сунуў запіску пад стос кніжак пазваніць магчыма"", ""norm_hyp"": ""я сунуў запіску пад стос кніжак пазваніць гм гм магчыма""}}"
28,b08e6858d2162b0.mp3,"Шчыра кажучы, я жыў спакойна і быў задаволены.","Шырэйшы жыў, спакойны быў, задаволены.",78.48101265822784,шчыра кажучы я жыў спакойна і быў задаволены,шырэйшы жыў спакойны быў задаволены,SeamlessM4T-v2 (HF),incorrect,"{""SeamlessM4T-v2 (HF)"": {""hyp_text"": ""Шырэйшы жыў, спакойны быў, задаволены."", ""score"": 78.48101265822784, ""norm_ref"": ""шчыра кажучы я жыў спакойна і быў задаволены"", ""norm_hyp"": ""шырэйшы жыў спакойны быў задаволены""}}"
29,7911c70a371de4f.mp3,Даволі хапіла шуму ў апошнія гады.,Даволі хапіла шуму ў апошнія гады.,100.0,даволі хапіла шуму ў апошнія гады,даволі хапіла шуму ў апошнія гады,SeamlessM4T-v2 (HF),correct,"{""SeamlessM4T-v2 (HF)"": {""hyp_text"": ""Даволі хапіла шуму ў апошнія гады."", ""score"": 100.0, ""norm_ref"": ""даволі хапіла шуму ў апошнія гады"", ""norm_hyp"": ""даволі хапіла шуму ў апошнія гады""}}"
30,37c7be4649d64d1.mp3,"Толькі не падпускай нічога блізка да сэрца, гаварыў Кёстэр.","Толькі не падпускаць нічога блізка да сэрца,  казаў Кёстэр.",92.03539823008849,толькі не падпускай нічога блізка да сэрца гаварыў кёстэр,толькі не падпускаць нічога блізка да сэрца казаў кёстэр,SeamlessM4T-v2 (HF),incorrect,"{""SeamlessM4T-v2 (HF)"": {""hyp_text"": ""Толькі не падпускаць нічога блізка да сэрца,  казаў Кёстэр."", ""score"": 92.03539823008849, ""norm_ref"": ""толькі не падпускай нічога блізка да сэрца гаварыў кёстэр"", ""norm_hyp"": ""толькі не падпускаць нічога блізка да сэрца казаў кёстэр""}}"
31,f0383208bf65f1b.mp3,"Тое, што падпусціш, захочаш утрымаць, а ўтрымаць нельга нічога.","Тое, што падпусціш, захочаш утрымаць, а ўтрымаць нельга нічога.",100.0,тое што падпусціш захочаш утрымаць а ўтрымаць нельга нічога,тое што падпусціш захочаш утрымаць а ўтрымаць нельга нічога,SeamlessM4T-v2 (HF),correct,"{""SeamlessM4T-v2 (HF)"": {""hyp_text"": ""Тое, што падпусціш, захочаш утрымаць, а ўтрымаць нельга нічога."", ""score"": 100.0, ""norm_ref"": ""тое што падпусціш захочаш утрымаць а ўтрымаць нельга нічога"", ""norm_hyp"": ""тое што падпусціш захочаш утрымаць а ўтрымаць нельга нічога""}}"
32,4a45b5157e2b703.mp3,У гэты час у суседнім пакоі пачаўся ранішні верхал.,У гэты час у суседнім пакоі пачаўся ранішні верхал.,100.0,у гэты час у суседнім пакоі пачаўся ранішні верхал,у гэты час у суседнім пакоі пачаўся ранішні верхал,SeamlessM4T-v2 (HF),correct,"{""SeamlessM4T-v2 (HF)"": {""hyp_text"": ""У гэты час у суседнім пакоі пачаўся ранішні верхал."", ""score"": 100.0, ""norm_ref"": ""у гэты час у суседнім пакоі пачаўся ранішні верхал"", ""norm_hyp"": ""у гэты час у суседнім пакоі пачаўся ранішні верхал""}}"
33,00aa0f990a4f2f1.mp3,"На хвілінку я прыслухаўся. Сварыліся муж з жонкай, Хасэ.","На хвілінку я прыслухаўся. Сварыліся муж з жонкай. Хасэ,",100.0,на хвілінку я прыслухаўся сварыліся муж з жонкай хасэ,на хвілінку я прыслухаўся сварыліся муж з жонкай хасэ,SeamlessM4T-v2 (HF),correct,"{""SeamlessM4T-v2 (HF)"": {""hyp_text"": ""На хвілінку я прыслухаўся. Сварыліся муж з жонкай. Хасэ,"", ""score"": 100.0, ""norm_ref"": ""на хвілінку я прыслухаўся сварыліся муж з жонкай хасэ"", ""norm_hyp"": ""на хвілінку я прыслухаўся сварыліся муж з жонкай хасэ""}}"
34,8cc1f6ce11b006b.mp3,"Калі б яны мелі трохпакаёвую кватэру з кухняй для гаспадыні, ды каб яшчэ дзіця, магчыма, гэта была б шчаслівая сям'я.","Калі б яны мелі трохпакаёвую кватэру з кухняй для гаспадыні, дык а яшчэ дзіця, магчыма, гэта была б шчаслівая сям'я.",98.65470852017937,калі б яны мелі трохпакаёвую кватэру з кухняй для гаспадыні ды каб яшчэ дзіця магчыма гэта была б шчаслівая сямя,калі б яны мелі трохпакаёвую кватэру з кухняй для гаспадыні дык а яшчэ дзіця магчыма гэта была б шчаслівая сямя,SeamlessM4T-v2 (HF),incorrect,"{""SeamlessM4T-v2 (HF)"": {""hyp_text"": ""Калі б яны мелі трохпакаёвую кватэру з кухняй для гаспадыні, дык а яшчэ дзіця, магчыма, гэта была б шчаслівая сям'я."", ""score"": 98.65470852017937, ""norm_ref"": ""калі б яны мелі трохпакаёвую кватэру з кухняй для гаспадыні ды каб яшчэ дзіця магчыма гэта была б шчаслівая сямя"", ""norm_hyp"": ""калі б яны мелі трохпакаёвую кватэру з кухняй для гаспадыні дык а яшчэ дзіця магчыма гэта была б шчаслівая сямя""}}"
35,cbf86d26664bf7f.mp3,"Я шукаў капялюш, які, відаць, учора некуды закінуў.","Я шукаў капялюш, які, відаць, учора не куды закінуў.",98.94736842105263,я шукаў капялюш які відаць учора некуды закінуў,я шукаў капялюш які відаць учора не куды закінуў,SeamlessM4T-v2 (HF),incorrect,"{""SeamlessM4T-v2 (HF)"": {""hyp_text"": ""Я шукаў капялюш, які, відаць, учора не куды закінуў."", ""score"": 98.94736842105263, ""norm_ref"": ""я шукаў капялюш які відаць учора некуды закінуў"", ""norm_hyp"": ""я шукаў капялюш які відаць учора не куды закінуў""}}"
36,0d9dbbf879016a8.mp3,Яны ўжо пяць гадоў жылі тут у маленькім пакойчыку. Гэта былі нядрэнныя людзі.,І яны ўжо пяць гадоў жылі тут у маленькім пакоічыку.  Гэта былі не дрэнныя людзі.,95.42483660130719,яны ўжо пяць гадоў жылі тут у маленькім пакойчыку гэта былі нядрэнныя людзі,і яны ўжо пяць гадоў жылі тут у маленькім пакоічыку гэта былі не дрэнныя людзі,SeamlessM4T-v2 (HF),incorrect,"{""SeamlessM4T-v2 (HF)"": {""hyp_text"": ""І яны ўжо пяць гадоў жылі тут у маленькім пакоічыку.  Гэта былі не дрэнныя людзі."", ""score"": 95.42483660130719, ""norm_ref"": ""яны ўжо пяць гадоў жылі тут у маленькім пакойчыку гэта былі нядрэнныя людзі"", ""norm_hyp"": ""і яны ўжо пяць гадоў жылі тут у маленькім пакоічыку гэта былі не дрэнныя людзі""}}"
37,c4ad28d72a25118.mp3,Яны ўвесь час натыкаліся адно на аднаго.,Яны ўвесь час натыкаліся адно на аднаго.,100.0,яны ўвесь час натыкаліся адно на аднаго,яны ўвесь час натыкаліся адно на аднаго,SeamlessM4T-v2 (HF),correct,"{""SeamlessM4T-v2 (HF)"": {""hyp_text"": ""Яны ўвесь час натыкаліся адно на аднаго."", ""score"": 100.0, ""norm_ref"": ""яны ўвесь час натыкаліся адно на аднаго"", ""norm_hyp"": ""яны ўвесь час натыкаліся адно на аднаго""}}"
38,ed0b4007e062e27.mp3,"Але кватэра каштавала шмат грошай, а дзіця ў гэтыя ненадзейныя часы,","Але кватэра каштавала шмат грошай, а дзіцё ў гэтыя ненадзейныя гадзіны.",93.33333333333333,але кватэра каштавала шмат грошай а дзіця ў гэтыя ненадзейныя часы,але кватэра каштавала шмат грошай а дзіцё ў гэтыя ненадзейныя гадзіны,SeamlessM4T-v2 (HF),incorrect,"{""SeamlessM4T-v2 (HF)"": {""hyp_text"": ""Але кватэра каштавала шмат грошай, а дзіцё ў гэтыя ненадзейныя гадзіны."", ""score"": 93.33333333333333, ""norm_ref"": ""але кватэра каштавала шмат грошай а дзіця ў гэтыя ненадзейныя часы"", ""norm_hyp"": ""але кватэра каштавала шмат грошай а дзіцё ў гэтыя ненадзейныя гадзіны""}}"
39,9954c28528416c8.mp3,"Жонка стала істэрычкай, а муж увесь час баяўся страціць сваё месца.","Жонка стала істэрычкай, а муж увесь час баяўся страціць сваё месца,",100.0,жонка стала істэрычкай а муж увесь час баяўся страціць сваё месца,жонка стала істэрычкай а муж увесь час баяўся страціць сваё месца,SeamlessM4T-v2 (HF),correct,"{""SeamlessM4T-v2 (HF)"": {""hyp_text"": ""Жонка стала істэрычкай, а муж увесь час баяўся страціць сваё месца,"", ""score"": 100.0, ""norm_ref"": ""жонка стала істэрычкай а муж увесь час баяўся страціць сваё месца"", ""norm_hyp"": ""жонка стала істэрычкай а муж увесь час баяўся страціць сваё месца""}}"
40,29479acc2ad320d.mp3,Тады б капцы. Яму было сорак пяць гадоў.,"Тады б, капцы! Яму было сорак пяць гадоў.",100.0,тады б капцы яму было сорак пяць гадоў,тады б капцы яму было сорак пяць гадоў,SeamlessM4T-v2 (HF),correct,"{""SeamlessM4T-v2 (HF)"": {""hyp_text"": ""Тады б, капцы! Яму было сорак пяць гадоў."", ""score"": 100.0, ""norm_ref"": ""тады б капцы яму было сорак пяць гадоў"", ""norm_hyp"": ""тады б капцы яму было сорак пяць гадоў""}}"
41,f3b96b107dd67ea.mp3,Беспрацоўнага яго ўжо больш ніхто не прыняў бы. У гэтым была бяда.,беспрацоўнага? Яго ўжо больш ніхто не прыняў бы. У гэтым была бяда.,100.0,беспрацоўнага яго ўжо больш ніхто не прыняў бы у гэтым была бяда,беспрацоўнага яго ўжо больш ніхто не прыняў бы у гэтым была бяда,SeamlessM4T-v2 (HF),correct,"{""SeamlessM4T-v2 (HF)"": {""hyp_text"": ""беспрацоўнага? Яго ўжо больш ніхто не прыняў бы. У гэтым была бяда."", ""score"": 100.0, ""norm_ref"": ""беспрацоўнага яго ўжо больш ніхто не прыняў бы у гэтым была бяда"", ""norm_hyp"": ""беспрацоўнага яго ўжо больш ніхто не прыняў бы у гэтым была бяда""}}"
42,60e232baa6284c5.mp3,"Я хацеў ціхенька ўцячы, але пачуўся стук у дзверы, у пакой уваліўся Хасэ.","Я хацеў ціхенька ўцячы, але пачуўся стук у дзверы ў пакой,",87.3015873015873,я хацеў ціхенька ўцячы але пачуўся стук у дзверы у пакой уваліўся хасэ,я хацеў ціхенька ўцячы але пачуўся стук у дзверы ў пакой,SeamlessM4T-v2 (HF),incorrect,"{""SeamlessM4T-v2 (HF)"": {""hyp_text"": ""Я хацеў ціхенька ўцячы, але пачуўся стук у дзверы ў пакой,"", ""score"": 87.3015873015873, ""norm_ref"": ""я хацеў ціхенька ўцячы але пачуўся стук у дзверы у пакой уваліўся хасэ"", ""norm_hyp"": ""я хацеў ціхенька ўцячы але пачуўся стук у дзверы ў пакой""}}"
43,fba79717851e195.mp3,"Раней чалавек страчваў пазіцыі паволі, і заўсёды з'яўляліся новыя магчымасці, каб падняцца.","Раней чалавек страчваў пазіцыі па волі, і заўсёды з'яўляліся новыя магчымасці, каб падняцца.",99.42857142857143,раней чалавек страчваў пазіцыі паволі і заўсёды зяўляліся новыя магчымасці каб падняцца,раней чалавек страчваў пазіцыі па волі і заўсёды зяўляліся новыя магчымасці каб падняцца,SeamlessM4T-v2 (HF),correct,"{""SeamlessM4T-v2 (HF)"": {""hyp_text"": ""Раней чалавек страчваў пазіцыі па волі, і заўсёды з'яўляліся новыя магчымасці, каб падняцца."", ""score"": 99.42857142857143, ""norm_ref"": ""раней чалавек страчваў пазіцыі паволі і заўсёды зяўляліся новыя магчымасці каб падняцца"", ""norm_hyp"": ""раней чалавек страчваў пазіцыі па волі і заўсёды зяўляліся новыя магчымасці каб падняцца""}}"
44,61757673779d721.mp3,А сёння за кожным звальненнем адразу прадонне вечнага беспрацоўя.,А сёння за кожным звальненнем адразу прадонне вечнага беспрацоўя.,100.0,а сёння за кожным звальненнем адразу прадонне вечнага беспрацоўя,а сёння за кожным звальненнем адразу прадонне вечнага беспрацоўя,SeamlessM4T-v2 (HF),correct,"{""SeamlessM4T-v2 (HF)"": {""hyp_text"": ""А сёння за кожным звальненнем адразу прадонне вечнага беспрацоўя."", ""score"": 100.0, ""norm_ref"": ""а сёння за кожным звальненнем адразу прадонне вечнага беспрацоўя"", ""norm_hyp"": ""а сёння за кожным звальненнем адразу прадонне вечнага беспрацоўя""}}"
45,386213b981ec898.mp3,Ён плюхнуўся ў крэсла.,і ўся хася і ён плюхнуўся ў крэсла я больш,66.66666666666667,ён плюхнуўся ў крэсла,і ўся хася і ён плюхнуўся ў крэсла я больш,SeamlessM4T-v2 (HF),incorrect,"{""SeamlessM4T-v2 (HF)"": {""hyp_text"": ""і ўся хася і ён плюхнуўся ў крэсла я больш"", ""score"": 66.66666666666667, ""norm_ref"": ""ён плюхнуўся ў крэсла"", ""norm_hyp"": ""і ўся хася і ён плюхнуўся ў крэсла я больш""}}"
46,684dfcee8da35e9.mp3,"Сціплы, старанны служач.","Сціплы, старанны служач.",100.0,сціплы старанны служыць,сціплы старанны служач,manual,correct,"{""SeamlessM4T-v2 (HF)"": {""hyp_text"": ""Сціплы, старанны служач."", ""score"": 100.0, ""norm_ref"": ""сціплы старанны служыць"", ""norm_hyp"": ""сціплы старанны служач""}}"
47,959a08f8e473582.mp3,"Я больш не вытрываю. Гэта быў па сутнасці мяккі чалавек,","Я вытрываю. Гэта быў, па сутнасці, мяккі чалавек,",90.9090909090909,я больш не вытрываю гэта быў па сутнасці мяккі чалавек,я вытрываю гэта быў па сутнасці мяккі чалавек,SeamlessM4T-v2 (HF),incorrect,"{""SeamlessM4T-v2 (HF)"": {""hyp_text"": ""Я вытрываю. Гэта быў, па сутнасці, мяккі чалавек,"", ""score"": 90.9090909090909, ""norm_ref"": ""я больш не вытрываю гэта быў па сутнасці мяккі чалавек"", ""norm_hyp"": ""я вытрываю гэта быў па сутнасці мяккі чалавек""}}"
48,4756aed899755c2.mp3,Але якраз такім было сёння цяжэй за ўсіх.,Але якраз такім было сёння цяжэй за ўсіх.,100.0,але якраз такім было сёння цяжэй за ўсіх,але якраз такім было сёння цяжэй за ўсіх,SeamlessM4T-v2 (HF),correct,"{""SeamlessM4T-v2 (HF)"": {""hyp_text"": ""Але якраз такім было сёння цяжэй за ўсіх."", ""score"": 100.0, ""norm_ref"": ""але якраз такім было сёння цяжэй за ўсіх"", ""norm_hyp"": ""але якраз такім было сёння цяжэй за ўсіх""}}"
49,b24bedb10e8ee23.mp3,"Ды ім, бадай, было заўжды найцяжэй.",Да ім бадай было заўжды найцяжэй,96.875,ды ім бадай было заўжды найцяжэй,да ім бадай было заўжды найцяжэй,SeamlessM4T-v2 (HF),incorrect,"{""SeamlessM4T-v2 (HF)"": {""hyp_text"": ""Да ім бадай было заўжды найцяжэй"", ""score"": 96.875, ""norm_ref"": ""ды ім бадай было заўжды найцяжэй"", ""norm_hyp"": ""да ім бадай было заўжды найцяжэй""}}"
50,94ff33f5699fc69.mp3,Сціпласць і стараннасць ацэньваюцца належным чынам толькі ў раманах.,Сціпласць і стараннасць ацэньваюцца належным чынам толькі ў рамана.,99.24812030075188,сціпласць і стараннасць ацэньваюцца належным чынам толькі ў раманах,сціпласць і стараннасць ацэньваюцца належным чынам толькі ў рамана,SeamlessM4T-v2 (HF),correct,"{""SeamlessM4T-v2 (HF)"": {""hyp_text"": ""Сціпласць і стараннасць ацэньваюцца належным чынам толькі ў рамана."", ""score"": 99.24812030075188, ""norm_ref"": ""сціпласць і стараннасць ацэньваюцца належным чынам толькі ў раманах"", ""norm_hyp"": ""сціпласць і стараннасць ацэньваюцца належным чынам толькі ў рамана""}}"
51,371716685d401b2.mp3,"Ну толькі падумайце, у канторы зноў два звальненні. Наступны я. Вось убачыце, я!","Ну, толькі падумайце: у канторы зноў два звальненьні, наступны я, вось, убачыце, я...",99.33774834437085,ну толькі падумайце у канторы зноў два звальненні наступны я вось убачыце я,ну толькі падумайце у канторы зноў два звальненьні наступны я вось убачыце я,SeamlessM4T-v2 (HF),correct,"{""SeamlessM4T-v2 (HF)"": {""hyp_text"": ""Ну, толькі падумайце: у канторы зноў два звальненьні, наступны я, вось, убачыце, я..."", ""score"": 99.33774834437085, ""norm_ref"": ""ну толькі падумайце у канторы зноў два звальненні наступны я вось убачыце я"", ""norm_hyp"": ""ну толькі падумайце у канторы зноў два звальненьні наступны я вось убачыце я""}}"
52,7981c566f1ebc17.mp3,У гэтым страху ён жыў з пачатку месяца да наступнага. Я наліў яму чарку гарэлкі.,У гэтым страху ён жыў з пачатку месяца да наступнага. Я наліў яму чарку гарэлкі,100.0,у гэтым страху ён жыў з пачатку месяца да наступнага я наліў яму чарку гарэлкі,у гэтым страху ён жыў з пачатку месяца да наступнага я наліў яму чарку гарэлкі,SeamlessM4T-v2 (HF),correct,"{""SeamlessM4T-v2 (HF)"": {""hyp_text"": ""У гэтым страху ён жыў з пачатку месяца да наступнага. Я наліў яму чарку гарэлкі"", ""score"": 100.0, ""norm_ref"": ""у гэтым страху ён жыў з пачатку месяца да наступнага я наліў яму чарку гарэлкі"", ""norm_hyp"": ""у гэтым страху ён жыў з пачатку месяца да наступнага я наліў яму чарку гарэлкі""}}"
53,722f720a41893f9.mp3,Ён тросся ўсім целам. Некалі ён зламаецца. Гэта было відавочна.,Ён тросся ўсім целам. Некалі ён зламаецца. Гэта было відавочна.,100.0,ён тросся ўсім целам некалі ён зламаецца гэта было відавочна,ён тросся ўсім целам некалі ён зламаецца гэта было відавочна,SeamlessM4T-v2 (HF),correct,"{""SeamlessM4T-v2 (HF)"": {""hyp_text"": ""Ён тросся ўсім целам. Некалі ён зламаецца. Гэта было відавочна."", ""score"": 100.0, ""norm_ref"": ""ён тросся ўсім целам некалі ён зламаецца гэта было відавочна"", ""norm_hyp"": ""ён тросся ўсім целам некалі ён зламаецца гэта было відавочна""}}"
54,b70b20652bb3708.mp3,Больш у яго не было пра што гаварыць. Ды яшчэ гэтыя заўсёдныя папрокі.,Больш у яго не было пра што гаварыць. Ды яшчэ гэтыя заўсёдныя папрокі.,100.0,больш у яго не было пра што гаварыць ды яшчэ гэтыя заўсёдныя папрокі,больш у яго не было пра што гаварыць ды яшчэ гэтыя заўсёдныя папрокі,SeamlessM4T-v2 (HF),correct,"{""SeamlessM4T-v2 (HF)"": {""hyp_text"": ""Больш у яго не было пра што гаварыць. Ды яшчэ гэтыя заўсёдныя папрокі."", ""score"": 100.0, ""norm_ref"": ""больш у яго не было пра што гаварыць ды яшчэ гэтыя заўсёдныя папрокі"", ""norm_hyp"": ""больш у яго не было пра што гаварыць ды яшчэ гэтыя заўсёдныя папрокі""}}"
55,986af6043e98748.mp3,"Магчыма, жонка папракнула яго за сваё вартае жалю існаванне.","Магчыма, жонка папракнула яго за сваё вартае жалю існаванне.",100.0,магчыма жонка папракнула яго за сваё вартае жалю існаванне,магчыма жонка папракнула яго за сваё вартае жалю існаванне,SeamlessM4T-v2 (HF),correct,"{""SeamlessM4T-v2 (HF)"": {""hyp_text"": ""Магчыма, жонка папракнула яго за сваё вартае жалю існаванне."", ""score"": 100.0, ""norm_ref"": ""магчыма жонка папракнула яго за сваё вартае жалю існаванне"", ""norm_hyp"": ""магчыма жонка папракнула яго за сваё вартае жалю існаванне""}}"
56,7305b54760d0d0f.mp3,"Ёй было сорак два гады, яна ўжо амаль адцвіла і расплылася, але не выглядала такой зношанай,","Ёй было сорак два гады, і яна ўжо амаль адцвіла і расплылася, але не выглядала такой зношанай,",98.88888888888889,ёй было сорак два гады яна ўжо амаль адцвіла і расплылася але не выглядала такой зношанай,ёй было сорак два гады і яна ўжо амаль адцвіла і расплылася але не выглядала такой зношанай,SeamlessM4T-v2 (HF),incorrect,"{""SeamlessM4T-v2 (HF)"": {""hyp_text"": ""Ёй было сорак два гады, і яна ўжо амаль адцвіла і расплылася, але не выглядала такой зношанай,"", ""score"": 98.88888888888889, ""norm_ref"": ""ёй было сорак два гады яна ўжо амаль адцвіла і расплылася але не выглядала такой зношанай"", ""norm_hyp"": ""ёй было сорак два гады і яна ўжо амаль адцвіла і расплылася але не выглядала такой зношанай""}}"
57,a8b5c928ab69732.mp3,Яе прыгнятаў страх недалёкай старасці.,Яе прыгнятаў страх недалёкай старасці.,100.0,яе прыгнятаў страх недалёкай старасці,яе прыгнятаў страх недалёкай старасці,SeamlessM4T-v2 (HF),correct,"{""SeamlessM4T-v2 (HF)"": {""hyp_text"": ""Яе прыгнятаў страх недалёкай старасці."", ""score"": 100.0, ""norm_ref"": ""яе прыгнятаў страх недалёкай старасці"", ""norm_hyp"": ""яе прыгнятаў страх недалёкай старасці""}}"
58,9011b88d7fdb882.mp3,"Нешта раіць не мела сэнсу. Слухайце, Хасэ.","Нешта раіць не мела сэнсу. Слухайце, хас.",98.7012987012987,нешта раіць не мела сэнсу слухайце хасэ,нешта раіць не мела сэнсу слухайце хас,SeamlessM4T-v2 (HF),incorrect,"{""SeamlessM4T-v2 (HF)"": {""hyp_text"": ""Нешта раіць не мела сэнсу. Слухайце, хас."", ""score"": 98.7012987012987, ""norm_ref"": ""нешта раіць не мела сэнсу слухайце хасэ"", ""norm_hyp"": ""нешта раіць не мела сэнсу слухайце хас""}}"
59,aa1919b536f6cb8.mp3,"Пасядзіце тут спакойна, колькі вам захочацца, мне трэба пайсці.",Пасядзіце тут спакойна колькі вам захочацца. Мне трэба пайсці.,100.0,пасядзіце тут спакойна колькі вам захочацца мне трэба пайсці,пасядзіце тут спакойна колькі вам захочацца мне трэба пайсці,SeamlessM4T-v2 (HF),correct,"{""SeamlessM4T-v2 (HF)"": {""hyp_text"": ""Пасядзіце тут спакойна колькі вам захочацца. Мне трэба пайсці."", ""score"": 100.0, ""norm_ref"": ""пасядзіце тут спакойна колькі вам захочацца мне трэба пайсці"", ""norm_hyp"": ""пасядзіце тут спакойна колькі вам захочацца мне трэба пайсці""}}"
60,f56ef85a1a5fc53.mp3,"Калі вам больш да густу каньяк, ён у шафе, тут ром. Там ляжаць газеты.","Калі вам болей да густу каньяк, ён у шафе, тут ром, там ляжаць газеты.",96.96969696969697,калі вам больш да густу каньяк ён у шафе тут ром там ляжаць газеты,калі вам болей да густу каньяк ён у шафе тут ром там ляжаць газеты,SeamlessM4T-v2 (HF),incorrect,"{""SeamlessM4T-v2 (HF)"": {""hyp_text"": ""Калі вам болей да густу каньяк, ён у шафе, тут ром, там ляжаць газеты."", ""score"": 96.96969696969697, ""norm_ref"": ""калі вам больш да густу каньяк ён у шафе тут ром там ляжаць газеты"", ""norm_hyp"": ""калі вам болей да густу каньяк ён у шафе тут ром там ляжаць газеты""}}"
61,925b9099ccdb992.mp3,"А пад вечар пойдзеце куды-небудзь з жонкай з гэтых чатырох сцен, ну хоць бы ў кіно.","А пад вечар пойдзеце куды-небудзь з жонкай з гэтых чатырох сцен, ну хоць бы ў кіно.",100.0,а пад вечар пойдзеце кудынебудзь з жонкай з гэтых чатырох сцен ну хоць бы ў кіно,а пад вечар пойдзеце кудынебудзь з жонкай з гэтых чатырох сцен ну хоць бы ў кіно,SeamlessM4T-v2 (HF),correct,"{""SeamlessM4T-v2 (HF)"": {""hyp_text"": ""А пад вечар пойдзеце куды-небудзь з жонкай з гэтых чатырох сцен, ну хоць бы ў кіно."", ""score"": 100.0, ""norm_ref"": ""а пад вечар пойдзеце кудынебудзь з жонкай з гэтых чатырох сцен ну хоць бы ў кіно"", ""norm_hyp"": ""а пад вечар пойдзеце кудынебудзь з жонкай з гэтых чатырох сцен ну хоць бы ў кіно""}}"
62,d8568f4ec87cfb1.mp3,"Сёння галоўнае забыцца, а для гэтага не разважаць.","Сёння галоўнае  забыцца, а для гэтага не разважаць.",100.0,сёння галоўнае забыцца а для гэтага не разважаць,сёння галоўнае забыцца а для гэтага не разважаць,SeamlessM4T-v2 (HF),correct,"{""SeamlessM4T-v2 (HF)"": {""hyp_text"": ""Сёння галоўнае  забыцца, а для гэтага не разважаць."", ""score"": 100.0, ""norm_ref"": ""сёння галоўнае забыцца а для гэтага не разважаць"", ""norm_hyp"": ""сёння галоўнае забыцца а для гэтага не разважаць""}}"
63,b73a5891c7eeed1.mp3,"Гэта будзе каштаваць вам столькі ж, колькі дзве гадзіны ў кафэ, а атрымаеце куды больш.","Гэта будзе каштаваць вам столькі ж, колькі дзве гадзіны ў кафэ, а атрымаеце куды больш.",100.0,гэта будзе каштаваць вам столькі ж колькі дзве гадзіны ў кафэ а атрымаеце куды больш,гэта будзе каштаваць вам столькі ж колькі дзве гадзіны ў кафэ а атрымаеце куды больш,SeamlessM4T-v2 (HF),correct,"{""SeamlessM4T-v2 (HF)"": {""hyp_text"": ""Гэта будзе каштаваць вам столькі ж, колькі дзве гадзіны ў кафэ, а атрымаеце куды больш."", ""score"": 100.0, ""norm_ref"": ""гэта будзе каштаваць вам столькі ж колькі дзве гадзіны ў кафэ а атрымаеце куды больш"", ""norm_hyp"": ""гэта будзе каштаваць вам столькі ж колькі дзве гадзіны ў кафэ а атрымаеце куды больш""}}"
64,2601f8c04290d60.mp3,"Адчуваючы дакор сумлення, я паляпаў яго па плячы.","Адчуваючы дакор і сумненне, я паляпаў яго па плячы.",93.75,адчуваючы дакор сумлення я паляпаў яго па плячы,адчуваючы дакор і сумненне я паляпаў яго па плячы,SeamlessM4T-v2 (HF),incorrect,"{""SeamlessM4T-v2 (HF)"": {""hyp_text"": ""Адчуваючы дакор і сумненне, я паляпаў яго па плячы."", ""score"": 93.75, ""norm_ref"": ""адчуваючы дакор сумлення я паляпаў яго па плячы"", ""norm_hyp"": ""адчуваючы дакор і сумненне я паляпаў яго па плячы""}}"
65,8b1f8a34413c2e8.mp3,"Побач дзверы былі адчынены. Жанчына ўсхліпвала так гучна, што можна было пачуць з надворку. Я ішоў праз калідор.","Побач дзверы былі адчынены. Жанчына ўскліпвала так гучна, што можна было пачуць надворку. Я ішоў праз калідор,",98.13084112149532,побач дзверы былі адчынены жанчына ўсхліпвала так гучна што можна было пачуць з надворку я ішоў праз калідор,побач дзверы былі адчынены жанчына ўскліпвала так гучна што можна было пачуць надворку я ішоў праз калідор,SeamlessM4T-v2 (HF),incorrect,"{""SeamlessM4T-v2 (HF)"": {""hyp_text"": ""Побач дзверы былі адчынены. Жанчына ўскліпвала так гучна, што можна было пачуць надворку. Я ішоў праз калідор,"", ""score"": 98.13084112149532, ""norm_ref"": ""побач дзверы былі адчынены жанчына ўсхліпвала так гучна што можна было пачуць з надворку я ішоў праз калідор"", ""norm_hyp"": ""побач дзверы былі адчынены жанчына ўскліпвала так гучна што можна было пачуць надворку я ішоў праз калідор""}}"
66,968d69122998643.mp3,"Няхай сабе, кіно заўсёды выручае. Там кожны можа памарыць.",Няхай сабе кіно заўсёды выручае. Там кожны можа памарыць.,100.0,няхай сабе кіно заўсёды выручае там кожны можа памарыць,няхай сабе кіно заўсёды выручае там кожны можа памарыць,SeamlessM4T-v2 (HF),correct,"{""SeamlessM4T-v2 (HF)"": {""hyp_text"": ""Няхай сабе кіно заўсёды выручае. Там кожны можа памарыць."", ""score"": 100.0, ""norm_ref"": ""няхай сабе кіно заўсёды выручае там кожны можа памарыць"", ""norm_hyp"": ""няхай сабе кіно заўсёды выручае там кожны можа памарыць""}}"
67,f805231dbd23b1d.mp3,Наступныя дзверы былі прачынены. Адтуль падслухвалі. Пахла духамі.,"Наступныя дзверы былі прачынены. Адтуль падслухоўвалі, пахла духамі.",98.4375,наступныя дзверы былі прачынены адтуль падслухвалі пахла духамі,наступныя дзверы былі прачынены адтуль падслухоўвалі пахла духамі,SeamlessM4T-v2 (HF),incorrect,"{""SeamlessM4T-v2 (HF)"": {""hyp_text"": ""Наступныя дзверы былі прачынены. Адтуль падслухоўвалі, пахла духамі."", ""score"": 98.4375, ""norm_ref"": ""наступныя дзверы былі прачынены адтуль падслухвалі пахла духамі"", ""norm_hyp"": ""наступныя дзверы былі прачынены адтуль падслухоўвалі пахла духамі""}}"
68,fb0237647892bfe.mp3,Адзін раз у тыдзень шэф дыктаваў ёй да раніцы.,Адзін раз у тыдзень шэф дыктаваў ёй да раніцы.,100.0,адзін раз у тыдзень шэф дыктаваў ёй да раніцы,адзін раз у тыдзень шэф дыктаваў ёй да раніцы,SeamlessM4T-v2 (HF),correct,"{""SeamlessM4T-v2 (HF)"": {""hyp_text"": ""Адзін раз у тыдзень шэф дыктаваў ёй да раніцы."", ""score"": 100.0, ""norm_ref"": ""адзін раз у тыдзень шэф дыктаваў ёй да раніцы"", ""norm_hyp"": ""адзін раз у тыдзень шэф дыктаваў ёй да раніцы""}}"
69,d0ad75eb7ded578.mp3,"Тут жыла Эрна Бёніх, сакратарка. Выгляд мела занадта элегантны,","Тут жыла Эрна Бёніх, сакратарка. Выгляд Мела занадта элегантны,",100.0,тут жыла эрна бёніх сакратарка выгляд мела занадта элегантны,тут жыла эрна бёніх сакратарка выгляд мела занадта элегантны,SeamlessM4T-v2 (HF),correct,"{""SeamlessM4T-v2 (HF)"": {""hyp_text"": ""Тут жыла Эрна Бёніх, сакратарка. Выгляд Мела занадта элегантны,"", ""score"": 100.0, ""norm_ref"": ""тут жыла эрна бёніх сакратарка выгляд мела занадта элегантны"", ""norm_hyp"": ""тут жыла эрна бёніх сакратарка выгляд мела занадта элегантны""}}"
70,ee70da49e5533dd.mp3,"Назаўтра ў яго бываў вельмі дрэнны настрой, затое яна кожны вечар хадзіла на танцы.","Назаўтра ў яе бываў вельмі дрэнны настрой, затое яна кожны вечар хадзіла на танцы.",98.13664596273291,назаўтра ў яго бываў вельмі дрэнны настрой затое яна кожны вечар хадзіла на танцы,назаўтра ў яе бываў вельмі дрэнны настрой затое яна кожны вечар хадзіла на танцы,SeamlessM4T-v2 (HF),incorrect,"{""SeamlessM4T-v2 (HF)"": {""hyp_text"": ""Назаўтра ў яе бываў вельмі дрэнны настрой, затое яна кожны вечар хадзіла на танцы."", ""score"": 98.13664596273291, ""norm_ref"": ""назаўтра ў яго бываў вельмі дрэнны настрой затое яна кожны вечар хадзіла на танцы"", ""norm_hyp"": ""назаўтра ў яе бываў вельмі дрэнны настрой затое яна кожны вечар хадзіла на танцы""}}"
71,d1d8f77df999202.mp3,"Каб не было танцаў, не варта было б і жыць, гаварыла яна. У яе былі два сябры.","Каб не было танцаў, не варта было б і жыць, гаварыла яна. У яе былі два сябры.",100.0,каб не было танцаў не варта было б і жыць гаварыла яна у яе былі два сябры,каб не было танцаў не варта было б і жыць гаварыла яна у яе былі два сябры,SeamlessM4T-v2 (HF),correct,"{""SeamlessM4T-v2 (HF)"": {""hyp_text"": ""Каб не было танцаў, не варта было б і жыць, гаварыла яна. У яе былі два сябры."", ""score"": 100.0, ""norm_ref"": ""каб не было танцаў не варта было б і жыць гаварыла яна у яе былі два сябры"", ""norm_hyp"": ""каб не было танцаў не варта было б і жыць гаварыла яна у яе былі два сябры""}}"
72,17b188f116bdda3.mp3,"Адзін кахаў яе і прыносіў кветкі, другога кахала яна і давала яму грошы.","Адзін кахаў яе і прыносіў кветкі, другога кахала яна і давала яму грошы.",100.0,адзін кахаў яе і прыносіў кветкі другога кахала яна і давала яму грошы,адзін кахаў яе і прыносіў кветкі другога кахала яна і давала яму грошы,SeamlessM4T-v2 (HF),correct,"{""SeamlessM4T-v2 (HF)"": {""hyp_text"": ""Адзін кахаў яе і прыносіў кветкі, другога кахала яна і давала яму грошы."", ""score"": 100.0, ""norm_ref"": ""адзін кахаў яе і прыносіў кветкі другога кахала яна і давала яму грошы"", ""norm_hyp"": ""адзін кахаў яе і прыносіў кветкі другога кахала яна і давала яму грошы""}}"
73,e91eb7042738487.mp3,"Побач у пакоі жыў ротмістр, граф Арлоў, рускі эмігрант, кельнер, статыст на кіназдымках,","Побач у пакоі жыў ротмістр граф арлаў рускі эмігрант, келнер, статыст на кіназдымках,",98.18181818181819,побач у пакоі жыў ротмістр граф арлоў рускі эмігрант кельнер статыст на кіназдымках,побач у пакоі жыў ротмістр граф арлаў рускі эмігрант келнер статыст на кіназдымках,SeamlessM4T-v2 (HF),incorrect,"{""SeamlessM4T-v2 (HF)"": {""hyp_text"": ""Побач у пакоі жыў ротмістр граф арлаў рускі эмігрант, келнер, статыст на кіназдымках,"", ""score"": 98.18181818181819, ""norm_ref"": ""побач у пакоі жыў ротмістр граф арлоў рускі эмігрант кельнер статыст на кіназдымках"", ""norm_hyp"": ""побач у пакоі жыў ротмістр граф арлаў рускі эмігрант келнер статыст на кіназдымках""}}"
74,a32c0db2076c810.mp3,Ён выдатна іграў на гітары.,Ён выдатна граў на гітары.,98.0392156862745,ён выдатна іграў на гітары,ён выдатна граў на гітары,SeamlessM4T-v2 (HF),incorrect,"{""SeamlessM4T-v2 (HF)"": {""hyp_text"": ""Ён выдатна граў на гітары."", ""score"": 98.0392156862745, ""norm_ref"": ""ён выдатна іграў на гітары"", ""norm_hyp"": ""ён выдатна граў на гітары""}}"
75,60d80e3587586ac.mp3,"Кожны вечар ён маліўся Казанскай Божай Маці,",Кожны вечар ён маліўся казанскай божай маці,100.0,кожны вечар ён маліўся казанскай божай маці,кожны вечар ён маліўся казанскай божай маці,SeamlessM4T-v2 (HF),correct,"{""SeamlessM4T-v2 (HF)"": {""hyp_text"": ""Кожны вечар ён маліўся казанскай божай маці"", ""score"": 100.0, ""norm_ref"": ""кожны вечар ён маліўся казанскай божай маці"", ""norm_hyp"": ""кожны вечар ён маліўся казанскай божай маці""}}"
76,f19a1d2c8c387f7.mp3,Нападпітку быў плаксівы.,На падпітку быў плак сівы.,95.83333333333334,нападпітку быў плаксівы,на падпітку быў плак сівы,SeamlessM4T-v2 (HF),incorrect,"{""SeamlessM4T-v2 (HF)"": {""hyp_text"": ""На падпітку быў плак сівы."", ""score"": 95.83333333333334, ""norm_ref"": ""нападпітку быў плаксівы"", ""norm_hyp"": ""на падпітку быў плак сівы""}}"
77,5dbe6e5d2875e22.mp3,"Наступныя дзверы, фраў Бэндэр, медыцынская сястра ў доме малюткі.","Наступныя дзверы: Фрау Бэндэр, медыцынская сястра ў доме малюткі,",98.38709677419355,наступныя дзверы фраў бэндэр медыцынская сястра ў доме малюткі,наступныя дзверы фрау бэндэр медыцынская сястра ў доме малюткі,SeamlessM4T-v2 (HF),incorrect,"{""SeamlessM4T-v2 (HF)"": {""hyp_text"": ""Наступныя дзверы: Фрау Бэндэр, медыцынская сястра ў доме малюткі,"", ""score"": 98.38709677419355, ""norm_ref"": ""наступныя дзверы фраў бэндэр медыцынская сястра ў доме малюткі"", ""norm_hyp"": ""наступныя дзверы фрау бэндэр медыцынская сястра ў доме малюткі""}}"
78,d2f69cc9ae2bce2.mp3,"Узрост, пяцьдзесят гадоў. Муж загінуў на вайне.","Узрост  пяцьдзесят гадоў. Муж загінуў на вайне,",100.0,узрост пяцьдзесят гадоў муж загінуў на вайне,узрост пяцьдзесят гадоў муж загінуў на вайне,SeamlessM4T-v2 (HF),correct,"{""SeamlessM4T-v2 (HF)"": {""hyp_text"": ""Узрост  пяцьдзесят гадоў. Муж загінуў на вайне,"", ""score"": 100.0, ""norm_ref"": ""узрост пяцьдзесят гадоў муж загінуў на вайне"", ""norm_hyp"": ""узрост пяцьдзесят гадоў муж загінуў на вайне""}}"
79,a98df9bc579e467.mp3,"Яшчэ побач Мюлер, казначэй-пенсіянер, сакратар таварыства філатэлістаў.","Яшчэ, побач, Мюллер, казначай-пенсіянер, сакратар таварыства філатэлісту.",95.52238805970148,яшчэ побач мюлер казначэйпенсіянер сакратар таварыства філатэлістаў,яшчэ побач мюллер казначайпенсіянер сакратар таварыства філатэлісту,SeamlessM4T-v2 (HF),incorrect,"{""SeamlessM4T-v2 (HF)"": {""hyp_text"": ""Яшчэ, побач, Мюллер, казначай-пенсіянер, сакратар таварыства філатэлісту."", ""score"": 95.52238805970148, ""norm_ref"": ""яшчэ побач мюлер казначэйпенсіянер сакратар таварыства філатэлістаў"", ""norm_hyp"": ""яшчэ побач мюллер казначайпенсіянер сакратар таварыства філатэлісту""}}"
80,9d4d0240eaa513e.mp3,"Жывая калекцыя марак, больш нічога. Шчаслівы чалавек. У апошнія дзверы я пастукаў.","Жывая калекцыя марак, больш нічога.  Шчаслівы чалавек! У апошнія дзверы я пастукаў.",100.0,жывая калекцыя марак больш нічога шчаслівы чалавек у апошнія дзверы я пастукаў,жывая калекцыя марак больш нічога шчаслівы чалавек у апошнія дзверы я пастукаў,SeamlessM4T-v2 (HF),correct,"{""SeamlessM4T-v2 (HF)"": {""hyp_text"": ""Жывая калекцыя марак, больш нічога.  Шчаслівы чалавек! У апошнія дзверы я пастукаў."", ""score"": 100.0, ""norm_ref"": ""жывая калекцыя марак больш нічога шчаслівы чалавек у апошнія дзверы я пастукаў"", ""norm_hyp"": ""жывая калекцыя марак больш нічога шчаслівы чалавек у апошнія дзверы я пастукаў""}}"
81,54dae4e8eae0256.mp3,"Ён быў студэнт другога курса. Каб закончыць гэтыя чатыры семестры,","Ён быў студэнтам другога курса. Каб скончыць гэтыя чатыры семестры,",96.12403100775194,ён быў студэнт другога курса каб закончыць гэтыя чатыры семестры,ён быў студэнтам другога курса каб скончыць гэтыя чатыры семестры,SeamlessM4T-v2 (HF),incorrect,"{""SeamlessM4T-v2 (HF)"": {""hyp_text"": ""Ён быў студэнтам другога курса. Каб скончыць гэтыя чатыры семестры,"", ""score"": 96.12403100775194, ""norm_ref"": ""ён быў студэнт другога курса каб закончыць гэтыя чатыры семестры"", ""norm_hyp"": ""ён быў студэнтам другога курса каб скончыць гэтыя чатыры семестры""}}"
82,78b9983e0b26bf4.mp3,"Як справы, Георгій? Нічога новага? Георгій Блок пахітаў галавой.","Як справа, Георгі? Нічога новага?  Георгі блок пахітаў галавой,",96.61016949152543,як справы георгій нічога новага георгій блок пахітаў галавой,як справа георгі нічога новага георгі блок пахітаў галавой,SeamlessM4T-v2 (HF),incorrect,"{""SeamlessM4T-v2 (HF)"": {""hyp_text"": ""Як справа, Георгі? Нічога новага?  Георгі блок пахітаў галавой,"", ""score"": 96.61016949152543, ""norm_ref"": ""як справы георгій нічога новага георгій блок пахітаў галавой"", ""norm_hyp"": ""як справа георгі нічога новага георгі блок пахітаў галавой""}}"
83,f786320aaa47fc7.mp3,Заробленыя грошы скончыліся. Іх хопіць яшчэ месяцы на два.,"Заробленыя грошы скончыліся, і хопіць яшчэ месяцы на два.",99.09909909909909,заробленыя грошы скончыліся іх хопіць яшчэ месяцы на два,заробленыя грошы скончыліся і хопіць яшчэ месяцы на два,SeamlessM4T-v2 (HF),correct,"{""SeamlessM4T-v2 (HF)"": {""hyp_text"": ""Заробленыя грошы скончыліся, і хопіць яшчэ месяцы на два."", ""score"": 99.09909909909909, ""norm_ref"": ""заробленыя грошы скончыліся іх хопіць яшчэ месяцы на два"", ""norm_hyp"": ""заробленыя грошы скончыліся і хопіць яшчэ месяцы на два""}}"
84,eff468f25a9b775.mp3,"Ён спрабаваў так-сяк, ну дзе-небудзь",і ён спрабаваў так і сяк ну дзе небыць уладкавацца,74.69879518072288,ён спрабаваў таксяк ну дзенебудзь,і ён спрабаваў так і сяк ну дзе небыць уладкавацца,SeamlessM4T-v2 (HF),incorrect,"{""SeamlessM4T-v2 (HF)"": {""hyp_text"": ""і ён спрабаваў так і сяк ну дзе небыць уладкавацца"", ""score"": 74.69879518072288, ""norm_ref"": ""ён спрабаваў таксяк ну дзенебудзь"", ""norm_hyp"": ""і ён спрабаваў так і сяк ну дзе небыць уладкавацца""}}"
85,908328a1397270f.mp3,"На руднік ён не мог вярнуцца, там цяпер ужо хапала сваіх беспрацоўных.","На руднік ён не мог вярнуцца, там цяпер ужо хапала сваіх беспрацоўных.",100.0,на руднік ён не мог вярнуцца там цяпер ужо хапала сваіх беспрацоўных,на руднік ён не мог вярнуцца там цяпер ужо хапала сваіх беспрацоўных,SeamlessM4T-v2 (HF),correct,"{""SeamlessM4T-v2 (HF)"": {""hyp_text"": ""На руднік ён не мог вярнуцца, там цяпер ужо хапала сваіх беспрацоўных."", ""score"": 100.0, ""norm_ref"": ""на руднік ён не мог вярнуцца там цяпер ужо хапала сваіх беспрацоўных"", ""norm_hyp"": ""на руднік ён не мог вярнуцца там цяпер ужо хапала сваіх беспрацоўных""}}"
86,a3306ee2050a848.mp3,Тыдзень ён распаўсюджваў рэкламныя лісткі маргарынавай фабрыкі.,Тыдзень ён распаўсюджваў рэкламныя лісткі маргарынавай фабрыкі.,100.0,тыдзень ён распаўсюджваў рэкламныя лісткі маргарынавай фабрыкі,тыдзень ён распаўсюджваў рэкламныя лісткі маргарынавай фабрыкі,SeamlessM4T-v2 (HF),correct,"{""SeamlessM4T-v2 (HF)"": {""hyp_text"": ""Тыдзень ён распаўсюджваў рэкламныя лісткі маргарынавай фабрыкі."", ""score"": 100.0, ""norm_ref"": ""тыдзень ён распаўсюджваў рэкламныя лісткі маргарынавай фабрыкі"", ""norm_hyp"": ""тыдзень ён распаўсюджваў рэкламныя лісткі маргарынавай фабрыкі""}}"
87,10ffc37c8246ed3.mp3,Але фабрыка збанкрутавала.,Але фабрыка збанкрутавала.,100.0,але фабрыка збанкрутавала,але фабрыка збанкрутавала,SeamlessM4T-v2 (HF),correct,"{""SeamlessM4T-v2 (HF)"": {""hyp_text"": ""Але фабрыка збанкрутавала."", ""score"": 100.0, ""norm_ref"": ""але фабрыка збанкрутавала"", ""norm_hyp"": ""але фабрыка збанкрутавала""}}"
88,ae04acabf1b697e.mp3,Неўзабаве ён атрымаў месца разношчыка газет.,Неўзабаве ён атрымаў месца разносчыка газет.,97.67441860465115,неўзабаве ён атрымаў месца разношчыка газет,неўзабаве ён атрымаў месца разносчыка газет,SeamlessM4T-v2 (HF),incorrect,"{""SeamlessM4T-v2 (HF)"": {""hyp_text"": ""Неўзабаве ён атрымаў месца разносчыка газет."", ""score"": 97.67441860465115, ""norm_ref"": ""неўзабаве ён атрымаў месца разношчыка газет"", ""norm_hyp"": ""неўзабаве ён атрымаў месца разносчыка газет""}}"
89,ab79f14089ae42d.mp3,"Уздыхнуў бы з палёгкай, праз тры дні яго спынілі двое ў касках, адабралі газеты,","Уздыхнуў быў з палёгкай. Праз тры дні яго спынілі двое ў касках, адабралі газеты",99.35483870967742,уздыхнуў бы з палёгкай праз тры дні яго спынілі двое ў касках адабралі газеты,уздыхнуў быў з палёгкай праз тры дні яго спынілі двое ў касках адабралі газеты,SeamlessM4T-v2 (HF),correct,"{""SeamlessM4T-v2 (HF)"": {""hyp_text"": ""Уздыхнуў быў з палёгкай. Праз тры дні яго спынілі двое ў касках, адабралі газеты"", ""score"": 99.35483870967742, ""norm_ref"": ""уздыхнуў бы з палёгкай праз тры дні яго спынілі двое ў касках адабралі газеты"", ""norm_hyp"": ""уздыхнуў быў з палёгкай праз тры дні яго спынілі двое ў касках адабралі газеты""}}"
90,4572432e988d013.mp3,Няма чаго лезці. У іх саміх хапае беспрацоўных.,Няма чаго лезці. У іх саміх хапае беспрацоўных.,100.0,няма чаго лезці у іх саміх хапае беспрацоўных,няма чаго лезці у іх саміх хапае беспрацоўных,SeamlessM4T-v2 (HF),correct,"{""SeamlessM4T-v2 (HF)"": {""hyp_text"": ""Няма чаго лезці. У іх саміх хапае беспрацоўных."", ""score"": 100.0, ""norm_ref"": ""няма чаго лезці у іх саміх хапае беспрацоўных"", ""norm_hyp"": ""няма чаго лезці у іх саміх хапае беспрацоўных""}}"
91,b6e9c7fa64dbea2.mp3,"І ўсё-такі ён выйшаў на наступнай раніцы, хоць ужо давялося заплаціць за падраныя газеты.","І ўсё-такі ён выйшаў наступнай раніцай, хоць ужо давялося заплаціць за падраныя газеты.",96.47058823529412,і ўсётакі ён выйшаў на наступнай раніцы хоць ужо давялося заплаціць за падраныя газеты,і ўсётакі ён выйшаў наступнай раніцай хоць ужо давялося заплаціць за падраныя газеты,SeamlessM4T-v2 (HF),incorrect,"{""SeamlessM4T-v2 (HF)"": {""hyp_text"": ""І ўсё-такі ён выйшаў наступнай раніцай, хоць ужо давялося заплаціць за падраныя газеты."", ""score"": 96.47058823529412, ""norm_ref"": ""і ўсётакі ён выйшаў на наступнай раніцы хоць ужо давялося заплаціць за падраныя газеты"", ""norm_hyp"": ""і ўсётакі ён выйшаў наступнай раніцай хоць ужо давялося заплаціць за падраныя газеты""}}"
92,466cc012475a02a.mp3,Нехта збіў яго веласіпедам.,Нехта збіў яго веласіпедам.,100.0,нехта збіў яго веласіпедам,нехта збіў яго веласіпедам,SeamlessM4T-v2 (HF),correct,"{""SeamlessM4T-v2 (HF)"": {""hyp_text"": ""Нехта збіў яго веласіпедам."", ""score"": 100.0, ""norm_ref"": ""нехта збіў яго веласіпедам"", ""norm_hyp"": ""нехта збіў яго веласіпедам""}}"
93,c2c62cc07718d1b.mp3,"Газеты паляцелі ў гразь, зноў заплаціў дзве маркі.","Газеты паляцелі ў гразь, зноў заплаціў дзве маркі.",100.0,газеты паляцелі ў гразь зноў заплаціў дзве маркі,газеты паляцелі ў гразь зноў заплаціў дзве маркі,SeamlessM4T-v2 (HF),correct,"{""SeamlessM4T-v2 (HF)"": {""hyp_text"": ""Газеты паляцелі ў гразь, зноў заплаціў дзве маркі."", ""score"": 100.0, ""norm_ref"": ""газеты паляцелі ў гразь зноў заплаціў дзве маркі"", ""norm_hyp"": ""газеты паляцелі ў гразь зноў заплаціў дзве маркі""}}"
94,ba89191e7afe48c.mp3,Ён пайшоў трэці раз і вярнуўся з разадраным касцюмам і разбітым,Ён пайшоў трэці раз і... вярнуўся з раздраным касцюмам і разбітым,99.2,ён пайшоў трэці раз і вярнуўся з разадраным касцюмам і разбітым,ён пайшоў трэці раз і вярнуўся з раздраным касцюмам і разбітым,SeamlessM4T-v2 (HF),correct,"{""SeamlessM4T-v2 (HF)"": {""hyp_text"": ""Ён пайшоў трэці раз і... вярнуўся з раздраным касцюмам і разбітым"", ""score"": 99.2, ""norm_ref"": ""ён пайшоў трэці раз і вярнуўся з разадраным касцюмам і разбітым"", ""norm_hyp"": ""ён пайшоў трэці раз і вярнуўся з раздраным касцюмам і разбітым""}}"
95,ae190c883bd72be.mp3,Вось тады ён здаўся.,Вось тады і ён здаўся.,95.0,вось тады ён здаўся,вось тады і ён здаўся,SeamlessM4T-v2 (HF),incorrect,"{""SeamlessM4T-v2 (HF)"": {""hyp_text"": ""Вось тады і ён здаўся."", ""score"": 95.0, ""norm_ref"": ""вось тады ён здаўся"", ""norm_hyp"": ""вось тады і ён здаўся""}}"
96,760136e1a6b4d1d.mp3,"Зараз у адчаі сядзеў у пакоі і зубрыў як вар'ят, быццам гэта мела нейкі сэнс.","Зараз у адчаі сядзеў у пакоі, зубрыў, як вар'ят, быццам гэта мела нейкі сэнс.",98.63013698630137,зараз у адчаі сядзеў у пакоі і зубрыў як варят быццам гэта мела нейкі сэнс,зараз у адчаі сядзеў у пакоі зубрыў як варят быццам гэта мела нейкі сэнс,SeamlessM4T-v2 (HF),incorrect,"{""SeamlessM4T-v2 (HF)"": {""hyp_text"": ""Зараз у адчаі сядзеў у пакоі, зубрыў, як вар'ят, быццам гэта мела нейкі сэнс."", ""score"": 98.63013698630137, ""norm_ref"": ""зараз у адчаі сядзеў у пакоі і зубрыў як варят быццам гэта мела нейкі сэнс"", ""norm_hyp"": ""зараз у адчаі сядзеў у пакоі зубрыў як варят быццам гэта мела нейкі сэнс""}}"
97,3c2ba3d74ab5dfa.mp3,Ён еў раз на дзень.,Ён еў раз на дзень.,100.0,ён еў раз на дзень,ён еў раз на дзень,SeamlessM4T-v2 (HF),correct,"{""SeamlessM4T-v2 (HF)"": {""hyp_text"": ""Ён еў раз на дзень."", ""score"": 100.0, ""norm_ref"": ""ён еў раз на дзень"", ""norm_hyp"": ""ён еў раз на дзень""}}"
98,272572bd11de974.mp3,"Пры гэтым не мела значэння, закончыць ён астатнія курсы ці не, на працу можна было разлічваць не раней,",пра гэта ім не мела значэння закончыць ён астатнія курсы ці не на працу можна было адрозніваць не раней,93.59605911330048,пры гэтым не мела значэння закончыць ён астатнія курсы ці не на працу можна было разлічваць не раней,пра гэта ім не мела значэння закончыць ён астатнія курсы ці не на працу можна было адрозніваць не раней,SeamlessM4T-v2 (HF),incorrect,"{""SeamlessM4T-v2 (HF)"": {""hyp_text"": ""пра гэта ім не мела значэння закончыць ён астатнія курсы ці не на працу можна было адрозніваць не раней"", ""score"": 93.59605911330048, ""norm_ref"": ""пры гэтым не мела значэння закончыць ён астатнія курсы ці не на працу можна было разлічваць не раней"", ""norm_hyp"": ""пра гэта ім не мела значэння закончыць ён астатнія курсы ці не на працу можна было адрозніваць не раней""}}"
99,0cc549f5ccdcfe7.mp3,"Я ўжо тады заўважыў, пасля рудніка, калі не займацца кожны дзень, адразу саб'ешся з тропу,","Я ўжо тады і заўважыў пасля рудніка, калі не займацца кожны дзень, адразу саб'ецца з тропамі.",93.10344827586206,я ўжо тады заўважыў пасля рудніка калі не займацца кожны дзень адразу сабешся з тропу,я ўжо тады і заўважыў пасля рудніка калі не займацца кожны дзень адразу сабецца з тропамі,SeamlessM4T-v2 (HF),incorrect,"{""SeamlessM4T-v2 (HF)"": {""hyp_text"": ""Я ўжо тады і заўважыў пасля рудніка, калі не займацца кожны дзень, адразу саб'ецца з тропамі."", ""score"": 93.10344827586206, ""norm_ref"": ""я ўжо тады заўважыў пасля рудніка калі не займацца кожны дзень адразу сабешся з тропу"", ""norm_hyp"": ""я ўжо тады і заўважыў пасля рудніка калі не займацца кожны дзень адразу сабецца з тропамі""}}"
